{
  "total_profit": 14.749383304100093,
  "max_drawdown": -0.13832616631993266,
  "num_trades": 97.0,
  "agent_orders": 97.0,
  "blocked_trades": 15.0,
  "blocked_by_cooldown": 15.0,
  "blocked_by_min_notional": 0.0,
  "blocked_by_volume_min": 0.0,
  "blocked_by_invalid_stop_distance": 0.0,
  "blocked_by_regime_filter": 1171.0,
  "trades_allowed_by_regime_filter": 112.0,
  "pct_bars_with_valid_regime": 0.14930608509989324,
  "pct_bars_filtered_by_regime": 0.8506939149001067,
  "blocked_trade_rate": 0.13392857142857142,
  "attempted_reversals": 144.0,
  "prevented_same_candle_reversals": 144.0,
  "exit_by_take_profit": 34.0,
  "exit_by_stop_loss": 63.0,
  "exit_by_agent_close": 0.0,
  "exit_by_margin_call": 0.0,
  "exit_by_episode_end": 0.0,
  "average_trade_duration_bars": 55.03092783505155,
  "average_win": 5.722840011666175,
  "average_loss": -2.7645825790142853,
  "payoff_ratio": 2.0700557310560277,
  "profit_factor": 1.1171729342207135,
  "trades_closed_by_tp_pct": 0.35051546391752575,
  "trades_closed_by_sl_pct": 0.6494845360824743,
  "win_rate": 0.35051546391752575,
  "profit_per_trade": 0.15205549798041332,
  "final_equity": 264.7493833041001,
  "decision_mode": "single",
  "backtest_elapsed_seconds": 9.190879583358765,
  "train_episodes": 17.0,
  "train_total_trades": 2913.0,
  "train_avg_trades_per_episode": 171.35294117647058,
  "accepted": true,
  "acceptance_reason": "ok"
}