{
  "total_profit": -49.068094007649734,
  "max_drawdown": -0.28960292969924156,
  "num_trades": 103.0,
  "agent_orders": 103.0,
  "blocked_trades": 17.0,
  "blocked_by_cooldown": 17.0,
  "blocked_by_min_notional": 0.0,
  "blocked_by_volume_min": 0.0,
  "blocked_by_invalid_stop_distance": 0.0,
  "blocked_by_regime_filter": 1214.0,
  "trades_allowed_by_regime_filter": 120.0,
  "pct_bars_with_valid_regime": 0.14930608509989324,
  "pct_bars_filtered_by_regime": 0.8506939149001067,
  "blocked_trade_rate": 0.14166666666666666,
  "attempted_reversals": 926.0,
  "prevented_same_candle_reversals": 926.0,
  "exit_by_take_profit": 28.0,
  "exit_by_stop_loss": 75.0,
  "exit_by_agent_close": 0.0,
  "exit_by_margin_call": 0.0,
  "exit_by_episode_end": 0.0,
  "average_trade_duration_bars": 51.398058252427184,
  "average_win": 5.068595789748214,
  "average_loss": -2.475065925678667,
  "payoff_ratio": 2.0478629426237998,
  "profit_factor": 0.7645354985795518,
  "trades_closed_by_tp_pct": 0.27184466019417475,
  "trades_closed_by_sl_pct": 0.7281553398058253,
  "win_rate": 0.27184466019417475,
  "profit_per_trade": -0.47638926221019157,
  "final_equity": 200.93190599235027,
  "decision_mode": "single",
  "backtest_elapsed_seconds": 9.158907651901245,
  "train_episodes": 17.0,
  "train_total_trades": 2922.0,
  "train_avg_trades_per_episode": 171.88235294117646,
  "accepted": false,
  "acceptance_reason": "total_profit=-49.0681 <= 2.0000; profit_per_trade=-0.476389 <= 0.000100"
}