{
  "total_profit": -50.58696867719996,
  "max_drawdown": -0.2694055759451292,
  "num_trades": 90.0,
  "agent_orders": 90.0,
  "blocked_trades": 13.0,
  "blocked_by_cooldown": 13.0,
  "blocked_by_min_notional": 0.0,
  "blocked_by_volume_min": 0.0,
  "blocked_by_invalid_stop_distance": 0.0,
  "blocked_by_regime_filter": 574.0,
  "trades_allowed_by_regime_filter": 103.0,
  "pct_bars_with_valid_regime": 0.14930608509989324,
  "pct_bars_filtered_by_regime": 0.8506939149001067,
  "blocked_trade_rate": 0.1262135922330097,
  "attempted_reversals": 112.0,
  "prevented_same_candle_reversals": 112.0,
  "exit_by_take_profit": 22.0,
  "exit_by_stop_loss": 68.0,
  "exit_by_agent_close": 0.0,
  "exit_by_margin_call": 0.0,
  "exit_by_episode_end": 0.0,
  "average_trade_duration_bars": 38.0,
  "average_win": 5.269326996325,
  "average_loss": -2.3799461594183833,
  "payoff_ratio": 2.214053026146075,
  "profit_factor": 0.7163112731649065,
  "trades_closed_by_tp_pct": 0.24444444444444444,
  "trades_closed_by_sl_pct": 0.7555555555555555,
  "win_rate": 0.24444444444444444,
  "profit_per_trade": -0.5620774297466663,
  "final_equity": 199.41303132280004,
  "decision_mode": "single",
  "backtest_elapsed_seconds": 9.283071279525757,
  "train_episodes": 17.0,
  "train_total_trades": 2943.0,
  "train_avg_trades_per_episode": 173.11764705882354,
  "accepted": false,
  "acceptance_reason": "total_profit=-50.5870 <= 2.0000; profit_per_trade=-0.562077 <= 0.000100"
}