{
  "summary": {
    "num_runs": 3,
    "accepted_runs": 1,
    "pass_rate": 0.3333333333333333,
    "strategy_accepted": false
  },
  "runs": [
    {
      "seed": 123,
      "pain_decay_factor": 0.0,
      "model_path": "models\\ppo_btc_h1_s123.zip",
      "total_profit": -50.58696867719996,
      "max_drawdown": -0.2694055759451292,
      "num_trades": 90.0,
      "blocked_trades": 13.0,
      "blocked_by_regime_filter": 574.0,
      "trades_allowed_by_regime_filter": 103.0,
      "pct_bars_with_valid_regime": 0.14930608509989324,
      "pct_bars_filtered_by_regime": 0.8506939149001067,
      "blocked_trade_rate": 0.1262135922330097,
      "win_rate": 0.24444444444444444,
      "profit_per_trade": -0.5620774297466663,
      "final_equity": 199.41303132280004,
      "exit_by_take_profit": 22.0,
      "exit_by_stop_loss": 68.0,
      "exit_by_agent_close": 0.0,
      "exit_by_margin_call": 0.0,
      "attempted_reversals": 112.0,
      "prevented_same_candle_reversals": 112.0,
      "average_trade_duration_bars": 38.0,
      "average_win": 5.269326996325,
      "average_loss": -2.3799461594183833,
      "payoff_ratio": 2.214053026146075,
      "profit_factor": 0.7163112731649065,
      "trades_closed_by_tp_pct": 0.24444444444444444,
      "trades_closed_by_sl_pct": 0.7555555555555555,
      "train_total_trades": 2943.0,
      "accepted": false,
      "acceptance_reason": "total_profit=-50.5870 <= 2.0000; profit_per_trade=-0.562077 <= 0.000100"
    },
    {
      "seed": 999,
      "pain_decay_factor": 0.0,
      "model_path": "models\\ppo_btc_h1_s999.zip",
      "total_profit": 14.749383304100093,
      "max_drawdown": -0.13832616631993266,
      "num_trades": 97.0,
      "blocked_trades": 15.0,
      "blocked_by_regime_filter": 1171.0,
      "trades_allowed_by_regime_filter": 112.0,
      "pct_bars_with_valid_regime": 0.14930608509989324,
      "pct_bars_filtered_by_regime": 0.8506939149001067,
      "blocked_trade_rate": 0.13392857142857142,
      "win_rate": 0.35051546391752575,
      "profit_per_trade": 0.15205549798041332,
      "final_equity": 264.7493833041001,
      "exit_by_take_profit": 34.0,
      "exit_by_stop_loss": 63.0,
      "exit_by_agent_close": 0.0,
      "exit_by_margin_call": 0.0,
      "attempted_reversals": 144.0,
      "prevented_same_candle_reversals": 144.0,
      "average_trade_duration_bars": 55.03092783505155,
      "average_win": 5.722840011666175,
      "average_loss": -2.7645825790142853,
      "payoff_ratio": 2.0700557310560277,
      "profit_factor": 1.1171729342207135,
      "trades_closed_by_tp_pct": 0.35051546391752575,
      "trades_closed_by_sl_pct": 0.6494845360824743,
      "train_total_trades": 2913.0,
      "accepted": true,
      "acceptance_reason": "ok"
    },
    {
      "seed": 2004,
      "pain_decay_factor": 0.0,
      "model_path": "models\\ppo_btc_h1_s2004.zip",
      "total_profit": -49.068094007649734,
      "max_drawdown": -0.28960292969924156,
      "num_trades": 103.0,
      "blocked_trades": 17.0,
      "blocked_by_regime_filter": 1214.0,
      "trades_allowed_by_regime_filter": 120.0,
      "pct_bars_with_valid_regime": 0.14930608509989324,
      "pct_bars_filtered_by_regime": 0.8506939149001067,
      "blocked_trade_rate": 0.14166666666666666,
      "win_rate": 0.27184466019417475,
      "profit_per_trade": -0.47638926221019157,
      "final_equity": 200.93190599235027,
      "exit_by_take_profit": 28.0,
      "exit_by_stop_loss": 75.0,
      "exit_by_agent_close": 0.0,
      "exit_by_margin_call": 0.0,
      "attempted_reversals": 926.0,
      "prevented_same_candle_reversals": 926.0,
      "average_trade_duration_bars": 51.398058252427184,
      "average_win": 5.068595789748214,
      "average_loss": -2.475065925678667,
      "payoff_ratio": 2.0478629426237998,
      "profit_factor": 0.7645354985795518,
      "trades_closed_by_tp_pct": 0.27184466019417475,
      "trades_closed_by_sl_pct": 0.7281553398058253,
      "train_total_trades": 2922.0,
      "accepted": false,
      "acceptance_reason": "total_profit=-49.0681 <= 2.0000; profit_per_trade=-0.476389 <= 0.000100"
    }
  ]
}