{
  "total_profit": -73.73788630920026,
  "max_drawdown": -0.5661368950687309,
  "num_trades": 207.0,
  "agent_orders": 207.0,
  "blocked_trades": 117.0,
  "blocked_by_cooldown": 117.0,
  "blocked_by_min_notional": 0.0,
  "blocked_by_volume_min": 0.0,
  "blocked_by_invalid_stop_distance": 0.0,
  "blocked_by_regime_filter": 0.0,
  "trades_allowed_by_regime_filter": 324.0,
  "pct_bars_with_valid_regime": 0.9903156931523562,
  "blocked_trade_rate": 0.3611111111111111,
  "attempted_reversals": 215.0,
  "prevented_same_candle_reversals": 215.0,
  "exit_by_take_profit": 66.0,
  "exit_by_stop_loss": 141.0,
  "exit_by_agent_close": 0.0,
  "exit_by_margin_call": 0.0,
  "exit_by_episode_end": 0.0,
  "average_trade_duration_bars": 57.7487922705314,
  "average_win": 7.073782389202273,
  "average_loss": -3.7203285509219866,
  "payoff_ratio": 1.9013864749792648,
  "profit_factor": 0.8900106904158261,
  "trades_closed_by_tp_pct": 0.3188405797101449,
  "trades_closed_by_sl_pct": 0.6811594202898551,
  "win_rate": 0.3188405797101449,
  "profit_per_trade": -0.35622167299130564,
  "final_equity": 176.26211369079974,
  "decision_mode": "single",
  "backtest_elapsed_seconds": 12.40061640739441,
  "train_episodes": 17.0,
  "train_total_trades": 5102.0,
  "train_avg_trades_per_episode": 300.11764705882354,
  "accepted": false,
  "acceptance_reason": "total_profit=-73.7379 <= 2.0000; |drawdown|=0.5661 > 0.0800; profit_per_trade=-0.356222 <= 0.000100"
}