{
  "total_profit": 9.287702188500077,
  "max_drawdown": -0.2529481733072867,
  "num_trades": 158.0,
  "agent_orders": 158.0,
  "blocked_trades": 62.0,
  "blocked_by_cooldown": 62.0,
  "blocked_by_min_notional": 0.0,
  "blocked_by_volume_min": 0.0,
  "blocked_by_invalid_stop_distance": 0.0,
  "blocked_by_regime_filter": 1972.0,
  "trades_allowed_by_regime_filter": 220.0,
  "pct_bars_with_valid_regime": 0.1947536983376544,
  "pct_bars_filtered_by_regime": 0.8052463016623456,
  "blocked_trade_rate": 0.2818181818181818,
  "attempted_reversals": 3260.0,
  "prevented_same_candle_reversals": 3260.0,
  "exit_by_take_profit": 54.0,
  "exit_by_stop_loss": 104.0,
  "exit_by_agent_close": 0.0,
  "exit_by_margin_call": 0.0,
  "exit_by_episode_end": 0.0,
  "average_trade_duration_bars": 58.91772151898734,
  "average_win": 5.6486531131574065,
  "average_loss": -2.7553225317504806,
  "payoff_ratio": 2.0500878020871,
  "profit_factor": 1.0644686664683018,
  "trades_closed_by_tp_pct": 0.34177215189873417,
  "trades_closed_by_sl_pct": 0.6582278481012658,
  "win_rate": 0.34177215189873417,
  "profit_per_trade": 0.058782925243671375,
  "final_equity": 259.2877021885001,
  "decision_mode": "single",
  "backtest_elapsed_seconds": 8.974215030670166,
  "train_episodes": 167.0,
  "train_total_trades": 30154.0,
  "train_avg_trades_per_episode": 180.562874251497,
  "accepted": true,
  "acceptance_reason": "ok"
}