{
  "total_profit": -1.186509925299987,
  "max_drawdown": -0.21401311193575823,
  "num_trades": 152.0,
  "agent_orders": 152.0,
  "blocked_trades": 59.0,
  "blocked_by_cooldown": 59.0,
  "blocked_by_min_notional": 0.0,
  "blocked_by_volume_min": 0.0,
  "blocked_by_invalid_stop_distance": 0.0,
  "blocked_by_regime_filter": 2099.0,
  "trades_allowed_by_regime_filter": 211.0,
  "pct_bars_with_valid_regime": 0.1947536983376544,
  "pct_bars_filtered_by_regime": 0.8052463016623456,
  "blocked_trade_rate": 0.2796208530805687,
  "attempted_reversals": 2335.0,
  "prevented_same_candle_reversals": 2335.0,
  "exit_by_take_profit": 50.0,
  "exit_by_stop_loss": 102.0,
  "exit_by_agent_close": 0.0,
  "exit_by_margin_call": 0.0,
  "exit_by_episode_end": 0.0,
  "average_trade_duration_bars": 61.75657894736842,
  "average_win": 5.851481777896001,
  "average_loss": -2.793287474729901,
  "payoff_ratio": 2.0948369370617015,
  "profit_factor": 1.026880851500834,
  "trades_closed_by_tp_pct": 0.32894736842105265,
  "trades_closed_by_sl_pct": 0.6710526315789473,
  "win_rate": 0.32894736842105265,
  "profit_per_trade": -0.007805986350657808,
  "final_equity": 248.8134900747,
  "decision_mode": "single",
  "backtest_elapsed_seconds": 8.938345670700073,
  "train_episodes": 167.0,
  "train_total_trades": 30323.0,
  "train_avg_trades_per_episode": 181.5748502994012,
  "accepted": false,
  "acceptance_reason": "total_profit=-1.1865 <= 2.0000; profit_per_trade=-0.007806 <= 0.000100"
}