{
  "total_profit": -22.77535669734982,
  "max_drawdown": -0.25928813498124537,
  "num_trades": 158.0,
  "agent_orders": 158.0,
  "blocked_trades": 51.0,
  "blocked_by_cooldown": 51.0,
  "blocked_by_min_notional": 0.0,
  "blocked_by_volume_min": 0.0,
  "blocked_by_invalid_stop_distance": 0.0,
  "blocked_by_regime_filter": 1969.0,
  "trades_allowed_by_regime_filter": 209.0,
  "pct_bars_with_valid_regime": 0.1947536983376544,
  "pct_bars_filtered_by_regime": 0.8052463016623456,
  "blocked_trade_rate": 0.24401913875598086,
  "attempted_reversals": 1688.0,
  "prevented_same_candle_reversals": 1688.0,
  "exit_by_take_profit": 51.0,
  "exit_by_stop_loss": 107.0,
  "exit_by_agent_close": 0.0,
  "exit_by_margin_call": 0.0,
  "exit_by_episode_end": 0.0,
  "average_trade_duration_bars": 58.436708860759495,
  "average_win": 5.742655703925492,
  "average_loss": -2.862832969106075,
  "payoff_ratio": 2.005934599013175,
  "profit_factor": 0.9560996686885227,
  "trades_closed_by_tp_pct": 0.3227848101265823,
  "trades_closed_by_sl_pct": 0.6772151898734177,
  "win_rate": 0.3227848101265823,
  "profit_per_trade": -0.1441478271984166,
  "final_equity": 227.22464330265018,
  "decision_mode": "single",
  "backtest_elapsed_seconds": 8.970604181289673,
  "train_episodes": 167.0,
  "train_total_trades": 30129.0,
  "train_avg_trades_per_episode": 180.4131736526946,
  "accepted": false,
  "acceptance_reason": "total_profit=-22.7754 <= 2.0000; profit_per_trade=-0.144148 <= 0.000100"
}