{
  "total_profit": -9.175764318649925,
  "max_drawdown": -0.1884060658193806,
  "num_trades": 160.0,
  "agent_orders": 160.0,
  "blocked_trades": 59.0,
  "blocked_by_cooldown": 59.0,
  "blocked_by_min_notional": 0.0,
  "blocked_by_volume_min": 0.0,
  "blocked_by_invalid_stop_distance": 0.0,
  "blocked_by_regime_filter": 1890.0,
  "trades_allowed_by_regime_filter": 219.0,
  "pct_bars_with_valid_regime": 0.1947536983376544,
  "pct_bars_filtered_by_regime": 0.8052463016623456,
  "blocked_trade_rate": 0.2694063926940639,
  "attempted_reversals": 1400.0,
  "prevented_same_candle_reversals": 1400.0,
  "exit_by_take_profit": 53.0,
  "exit_by_stop_loss": 107.0,
  "exit_by_agent_close": 0.0,
  "exit_by_margin_call": 0.0,
  "exit_by_episode_end": 0.0,
  "average_trade_duration_bars": 58.275,
  "average_win": 5.98985536436887,
  "average_loss": -2.9624230679635524,
  "payoff_ratio": 2.02194461322719,
  "profit_factor": 1.0015239672994491,
  "trades_closed_by_tp_pct": 0.33125,
  "trades_closed_by_sl_pct": 0.66875,
  "win_rate": 0.33125,
  "profit_per_trade": -0.05734852699156203,
  "final_equity": 240.82423568135007,
  "decision_mode": "single",
  "backtest_elapsed_seconds": 8.969860076904297,
  "train_episodes": 167.0,
  "train_total_trades": 30398.0,
  "train_avg_trades_per_episode": 182.0239520958084,
  "accepted": false,
  "acceptance_reason": "total_profit=-9.1758 <= 2.0000; profit_per_trade=-0.057349 <= 0.000100"
}