{
  "total_profit": 2.8746159581004065,
  "max_drawdown": -0.2218199366507069,
  "num_trades": 159.0,
  "agent_orders": 159.0,
  "blocked_trades": 45.0,
  "blocked_by_cooldown": 45.0,
  "blocked_by_min_notional": 0.0,
  "blocked_by_volume_min": 0.0,
  "blocked_by_invalid_stop_distance": 0.0,
  "blocked_by_regime_filter": 1923.0,
  "trades_allowed_by_regime_filter": 204.0,
  "pct_bars_with_valid_regime": 0.1947536983376544,
  "pct_bars_filtered_by_regime": 0.8052463016623456,
  "blocked_trade_rate": 0.22058823529411764,
  "attempted_reversals": 3277.0,
  "prevented_same_candle_reversals": 3277.0,
  "exit_by_take_profit": 54.0,
  "exit_by_stop_loss": 105.0,
  "exit_by_agent_close": 0.0,
  "exit_by_margin_call": 0.0,
  "exit_by_episode_end": 0.0,
  "average_trade_duration_bars": 55.23270440251572,
  "average_win": 5.683468922574997,
  "average_loss": -2.8069648393128563,
  "payoff_ratio": 2.024773820810063,
  "profit_factor": 1.0413122507023183,
  "trades_closed_by_tp_pct": 0.33962264150943394,
  "trades_closed_by_sl_pct": 0.660377358490566,
  "win_rate": 0.33962264150943394,
  "profit_per_trade": 0.01807934564843023,
  "final_equity": 252.8746159581004,
  "decision_mode": "single",
  "backtest_elapsed_seconds": 8.9905686378479,
  "train_episodes": 167.0,
  "train_total_trades": 30244.0,
  "train_avg_trades_per_episode": 181.10179640718562,
  "accepted": true,
  "acceptance_reason": "ok"
}