{
  "total_profit": 27.577633244200513,
  "max_drawdown": -0.1813959869281223,
  "num_trades": 155.0,
  "agent_orders": 155.0,
  "blocked_trades": 61.0,
  "blocked_by_cooldown": 61.0,
  "blocked_by_min_notional": 0.0,
  "blocked_by_volume_min": 0.0,
  "blocked_by_invalid_stop_distance": 0.0,
  "blocked_by_regime_filter": 2146.0,
  "trades_allowed_by_regime_filter": 216.0,
  "pct_bars_with_valid_regime": 0.1947536983376544,
  "pct_bars_filtered_by_regime": 0.8052463016623456,
  "blocked_trade_rate": 0.2824074074074074,
  "attempted_reversals": 3543.0,
  "prevented_same_candle_reversals": 3543.0,
  "exit_by_take_profit": 54.0,
  "exit_by_stop_loss": 101.0,
  "exit_by_agent_close": 0.0,
  "exit_by_margin_call": 0.0,
  "exit_by_episode_end": 0.0,
  "average_trade_duration_bars": 61.47096774193548,
  "average_win": 6.260665320443519,
  "average_loss": -2.9773829629495037,
  "payoff_ratio": 2.1027410307478474,
  "profit_factor": 1.1242377788156808,
  "trades_closed_by_tp_pct": 0.34838709677419355,
  "trades_closed_by_sl_pct": 0.6516129032258065,
  "win_rate": 0.34838709677419355,
  "profit_per_trade": 0.17792021447871298,
  "final_equity": 277.5776332442005,
  "decision_mode": "single",
  "backtest_elapsed_seconds": 8.960336923599243,
  "train_episodes": 167.0,
  "train_total_trades": 30364.0,
  "train_avg_trades_per_episode": 181.82035928143713,
  "accepted": true,
  "acceptance_reason": "ok"
}