{
  "total_profit": 102.00785090630012,
  "max_drawdown": -0.17773548873307085,
  "num_trades": 147.0,
  "agent_orders": 147.0,
  "blocked_trades": 53.0,
  "blocked_by_cooldown": 53.0,
  "blocked_by_min_notional": 0.0,
  "blocked_by_volume_min": 0.0,
  "blocked_by_invalid_stop_distance": 0.0,
  "blocked_by_regime_filter": 2058.0,
  "trades_allowed_by_regime_filter": 200.0,
  "pct_bars_with_valid_regime": 0.1947536983376544,
  "pct_bars_filtered_by_regime": 0.8052463016623456,
  "blocked_trade_rate": 0.265,
  "attempted_reversals": 1864.0,
  "prevented_same_candle_reversals": 1864.0,
  "exit_by_take_profit": 60.0,
  "exit_by_stop_loss": 87.0,
  "exit_by_agent_close": 0.0,
  "exit_by_margin_call": 0.0,
  "exit_by_episode_end": 0.0,
  "average_trade_duration_bars": 63.183673469387756,
  "average_win": 6.789409680500835,
  "average_loss": -3.391074947325861,
  "payoff_ratio": 2.0021408508988685,
  "profit_factor": 1.3807867937233576,
  "trades_closed_by_tp_pct": 0.40816326530612246,
  "trades_closed_by_sl_pct": 0.5918367346938775,
  "win_rate": 0.40816326530612246,
  "profit_per_trade": 0.6939309585462593,
  "final_equity": 352.0078509063001,
  "decision_mode": "single",
  "backtest_elapsed_seconds": 8.972891807556152,
  "train_episodes": 167.0,
  "train_total_trades": 30489.0,
  "train_avg_trades_per_episode": 182.5688622754491,
  "accepted": true,
  "acceptance_reason": "ok"
}