{
  "total_profit": 83.62695106030031,
  "max_drawdown": -0.12325142166627007,
  "num_trades": 150.0,
  "agent_orders": 150.0,
  "blocked_trades": 51.0,
  "blocked_by_cooldown": 51.0,
  "blocked_by_min_notional": 0.0,
  "blocked_by_volume_min": 0.0,
  "blocked_by_invalid_stop_distance": 0.0,
  "blocked_by_regime_filter": 2489.0,
  "trades_allowed_by_regime_filter": 201.0,
  "pct_bars_with_valid_regime": 0.1947536983376544,
  "pct_bars_filtered_by_regime": 0.8052463016623456,
  "blocked_trade_rate": 0.2537313432835821,
  "attempted_reversals": 2892.0,
  "prevented_same_candle_reversals": 2892.0,
  "exit_by_take_profit": 58.0,
  "exit_by_stop_loss": 92.0,
  "exit_by_agent_close": 0.0,
  "exit_by_margin_call": 0.0,
  "exit_by_episode_end": 0.0,
  "average_trade_duration_bars": 58.18666666666667,
  "average_win": 6.8879311393008615,
  "average_loss": -3.321086357052173,
  "payoff_ratio": 2.0739994082582824,
  "profit_factor": 1.3075213660758738,
  "trades_closed_by_tp_pct": 0.38666666666666666,
  "trades_closed_by_sl_pct": 0.6133333333333333,
  "win_rate": 0.38666666666666666,
  "profit_per_trade": 0.5575130070686688,
  "final_equity": 333.6269510603003,
  "decision_mode": "single",
  "backtest_elapsed_seconds": 9.019590139389038,
  "train_episodes": 167.0,
  "train_total_trades": 30242.0,
  "train_avg_trades_per_episode": 181.08982035928145,
  "accepted": true,
  "acceptance_reason": "ok"
}