{
  "summary": {
    "num_runs": 10,
    "seeds_used": [
      1,
      7,
      21,
      42,
      84,
      123,
      256,
      512,
      999,
      2004
    ],
    "accepted_runs": 7,
    "pass_rate": 0.7,
    "strategy_accepted": true,
    "avg_total_profit_per_seed": 32.61120882262522,
    "avg_profit_factor": 1.1414858848406593,
    "avg_max_drawdown": -0.19542199348101663,
    "std_total_profit": 41.731994802439054,
    "std_profit_factor": 0.1409553609136747
  },
  "runs": [
    {
      "seed": 1,
      "pain_decay_factor": 0.0,
      "model_path": "models\\ppo_btc_h1_s1.zip",
      "total_profit": 83.62695106030031,
      "max_drawdown": -0.12325142166627007,
      "num_trades": 150.0,
      "blocked_trades": 51.0,
      "blocked_by_regime_filter": 2489.0,
      "trades_allowed_by_regime_filter": 201.0,
      "pct_bars_with_valid_regime": 0.1947536983376544,
      "pct_bars_filtered_by_regime": 0.8052463016623456,
      "blocked_trade_rate": 0.2537313432835821,
      "win_rate": 0.38666666666666666,
      "profit_per_trade": 0.5575130070686688,
      "final_equity": 333.6269510603003,
      "exit_by_take_profit": 58.0,
      "exit_by_stop_loss": 92.0,
      "exit_by_agent_close": 0.0,
      "exit_by_margin_call": 0.0,
      "attempted_reversals": 2892.0,
      "prevented_same_candle_reversals": 2892.0,
      "average_trade_duration_bars": 58.18666666666667,
      "average_win": 6.8879311393008615,
      "average_loss": -3.321086357052173,
      "payoff_ratio": 2.0739994082582824,
      "profit_factor": 1.3075213660758738,
      "trades_closed_by_tp_pct": 0.38666666666666666,
      "trades_closed_by_sl_pct": 0.6133333333333333,
      "train_total_trades": 30242.0,
      "accepted": true,
      "acceptance_reason": "ok"
    },
    {
      "seed": 7,
      "pain_decay_factor": 0.0,
      "model_path": "models\\ppo_btc_h1_s7.zip",
      "total_profit": -9.175764318649925,
      "max_drawdown": -0.1884060658193806,
      "num_trades": 160.0,
      "blocked_trades": 59.0,
      "blocked_by_regime_filter": 1890.0,
      "trades_allowed_by_regime_filter": 219.0,
      "pct_bars_with_valid_regime": 0.1947536983376544,
      "pct_bars_filtered_by_regime": 0.8052463016623456,
      "blocked_trade_rate": 0.2694063926940639,
      "win_rate": 0.33125,
      "profit_per_trade": -0.05734852699156203,
      "final_equity": 240.82423568135007,
      "exit_by_take_profit": 53.0,
      "exit_by_stop_loss": 107.0,
      "exit_by_agent_close": 0.0,
      "exit_by_margin_call": 0.0,
      "attempted_reversals": 1400.0,
      "prevented_same_candle_reversals": 1400.0,
      "average_trade_duration_bars": 58.275,
      "average_win": 5.98985536436887,
      "average_loss": -2.9624230679635524,
      "payoff_ratio": 2.02194461322719,
      "profit_factor": 1.0015239672994491,
      "trades_closed_by_tp_pct": 0.33125,
      "trades_closed_by_sl_pct": 0.66875,
      "train_total_trades": 30398.0,
      "accepted": false,
      "acceptance_reason": "total_profit=-9.1758 <= 2.0000; profit_per_trade=-0.057349 <= 0.000100"
    },
    {
      "seed": 21,
      "pain_decay_factor": 0.0,
      "model_path": "models\\ppo_btc_h1_s21.zip",
      "total_profit": 102.00785090630012,
      "max_drawdown": -0.17773548873307085,
      "num_trades": 147.0,
      "blocked_trades": 53.0,
      "blocked_by_regime_filter": 2058.0,
      "trades_allowed_by_regime_filter": 200.0,
      "pct_bars_with_valid_regime": 0.1947536983376544,
      "pct_bars_filtered_by_regime": 0.8052463016623456,
      "blocked_trade_rate": 0.265,
      "win_rate": 0.40816326530612246,
      "profit_per_trade": 0.6939309585462593,
      "final_equity": 352.0078509063001,
      "exit_by_take_profit": 60.0,
      "exit_by_stop_loss": 87.0,
      "exit_by_agent_close": 0.0,
      "exit_by_margin_call": 0.0,
      "attempted_reversals": 1864.0,
      "prevented_same_candle_reversals": 1864.0,
      "average_trade_duration_bars": 63.183673469387756,
      "average_win": 6.789409680500835,
      "average_loss": -3.391074947325861,
      "payoff_ratio": 2.0021408508988685,
      "profit_factor": 1.3807867937233576,
      "trades_closed_by_tp_pct": 0.40816326530612246,
      "trades_closed_by_sl_pct": 0.5918367346938775,
      "train_total_trades": 30489.0,
      "accepted": true,
      "acceptance_reason": "ok"
    },
    {
      "seed": 42,
      "pain_decay_factor": 0.0,
      "model_path": "models\\ppo_btc_h1_s42.zip",
      "total_profit": -22.77535669734982,
      "max_drawdown": -0.25928813498124537,
      "num_trades": 158.0,
      "blocked_trades": 51.0,
      "blocked_by_regime_filter": 1969.0,
      "trades_allowed_by_regime_filter": 209.0,
      "pct_bars_with_valid_regime": 0.1947536983376544,
      "pct_bars_filtered_by_regime": 0.8052463016623456,
      "blocked_trade_rate": 0.24401913875598086,
      "win_rate": 0.3227848101265823,
      "profit_per_trade": -0.1441478271984166,
      "final_equity": 227.22464330265018,
      "exit_by_take_profit": 51.0,
      "exit_by_stop_loss": 107.0,
      "exit_by_agent_close": 0.0,
      "exit_by_margin_call": 0.0,
      "attempted_reversals": 1688.0,
      "prevented_same_candle_reversals": 1688.0,
      "average_trade_duration_bars": 58.436708860759495,
      "average_win": 5.742655703925492,
      "average_loss": -2.862832969106075,
      "payoff_ratio": 2.005934599013175,
      "profit_factor": 0.9560996686885227,
      "trades_closed_by_tp_pct": 0.3227848101265823,
      "trades_closed_by_sl_pct": 0.6772151898734177,
      "train_total_trades": 30129.0,
      "accepted": false,
      "acceptance_reason": "total_profit=-22.7754 <= 2.0000; profit_per_trade=-0.144148 <= 0.000100"
    },
    {
      "seed": 84,
      "pain_decay_factor": 0.0,
      "model_path": "models\\ppo_btc_h1_s84.zip",
      "total_profit": 9.287702188500077,
      "max_drawdown": -0.2529481733072867,
      "num_trades": 158.0,
      "blocked_trades": 62.0,
      "blocked_by_regime_filter": 1972.0,
      "trades_allowed_by_regime_filter": 220.0,
      "pct_bars_with_valid_regime": 0.1947536983376544,
      "pct_bars_filtered_by_regime": 0.8052463016623456,
      "blocked_trade_rate": 0.2818181818181818,
      "win_rate": 0.34177215189873417,
      "profit_per_trade": 0.058782925243671375,
      "final_equity": 259.2877021885001,
      "exit_by_take_profit": 54.0,
      "exit_by_stop_loss": 104.0,
      "exit_by_agent_close": 0.0,
      "exit_by_margin_call": 0.0,
      "attempted_reversals": 3260.0,
      "prevented_same_candle_reversals": 3260.0,
      "average_trade_duration_bars": 58.91772151898734,
      "average_win": 5.6486531131574065,
      "average_loss": -2.7553225317504806,
      "payoff_ratio": 2.0500878020871,
      "profit_factor": 1.0644686664683018,
      "trades_closed_by_tp_pct": 0.34177215189873417,
      "trades_closed_by_sl_pct": 0.6582278481012658,
      "train_total_trades": 30154.0,
      "accepted": true,
      "acceptance_reason": "ok"
    },
    {
      "seed": 123,
      "pain_decay_factor": 0.0,
      "model_path": "models\\ppo_btc_h1_s123.zip",
      "total_profit": -1.186509925299987,
      "max_drawdown": -0.21401311193575823,
      "num_trades": 152.0,
      "blocked_trades": 59.0,
      "blocked_by_regime_filter": 2099.0,
      "trades_allowed_by_regime_filter": 211.0,
      "pct_bars_with_valid_regime": 0.1947536983376544,
      "pct_bars_filtered_by_regime": 0.8052463016623456,
      "blocked_trade_rate": 0.2796208530805687,
      "win_rate": 0.32894736842105265,
      "profit_per_trade": -0.007805986350657808,
      "final_equity": 248.8134900747,
      "exit_by_take_profit": 50.0,
      "exit_by_stop_loss": 102.0,
      "exit_by_agent_close": 0.0,
      "exit_by_margin_call": 0.0,
      "attempted_reversals": 2335.0,
      "prevented_same_candle_reversals": 2335.0,
      "average_trade_duration_bars": 61.75657894736842,
      "average_win": 5.851481777896001,
      "average_loss": -2.793287474729901,
      "payoff_ratio": 2.0948369370617015,