{
  "total_profit": -168.52853076094982,
  "max_drawdown": -0.6847853914598478,
  "num_trades": 598.0,
  "agent_orders": 598.0,
  "blocked_trades": 493.0,
  "blocked_by_cooldown": 493.0,
  "blocked_by_min_notional": 0.0,
  "blocked_by_volume_min": 0.0,
  "blocked_by_invalid_stop_distance": 0.0,
  "blocked_trade_rate": 0.45187901008249315,
  "attempted_reversals": 13858.0,
  "prevented_same_candle_reversals": 13858.0,
  "exit_by_take_profit": 218.0,
  "exit_by_stop_loss": 380.0,
  "exit_by_agent_close": 0.0,
  "exit_by_margin_call": 0.0,
  "exit_by_episode_end": 0.0,
  "average_trade_duration_bars": 155.92140468227424,
  "average_win": 5.871711264627293,
  "average_loss": -3.567721422715789,
  "payoff_ratio": 1.645787484202643,
  "profit_factor": 0.9441622935688846,
  "trades_closed_by_tp_pct": 0.36454849498327757,
  "trades_closed_by_sl_pct": 0.6354515050167224,
  "win_rate": 0.36454849498327757,
  "profit_per_trade": -0.2818202855534278,
  "final_equity": 81.47146923905017,
  "decision_mode": "single",
  "backtest_elapsed_seconds": 36.34721660614014,
  "train_episodes": 167.0,
  "train_total_trades": 8136.0,
  "train_avg_trades_per_episode": 48.7185628742515,
  "accepted": false,
  "acceptance_reason": "total_profit=-168.5285 <= 2.0000; |drawdown|=0.6848 > 0.0800; profit_per_trade=-0.281820 <= 0.000100"
}