{
  "total_profit": -201.1968005894001,
  "max_drawdown": -0.8289081735733229,
  "num_trades": 540.0,
  "agent_orders": 540.0,
  "blocked_trades": 355.0,
  "blocked_by_cooldown": 355.0,
  "blocked_by_min_notional": 0.0,
  "blocked_by_volume_min": 0.0,
  "blocked_by_invalid_stop_distance": 0.0,
  "blocked_trade_rate": 0.39664804469273746,
  "attempted_reversals": 8358.0,
  "prevented_same_candle_reversals": 8358.0,
  "exit_by_take_profit": 178.0,
  "exit_by_stop_loss": 362.0,
  "exit_by_agent_close": 0.0,
  "exit_by_margin_call": 0.0,
  "exit_by_episode_end": 0.0,
  "average_trade_duration_bars": 153.6425925925926,
  "average_win": 4.067469922521631,
  "average_loss": -2.3951167186020728,
  "payoff_ratio": 1.69823453317784,
  "profit_factor": 0.8350434997393797,
  "trades_closed_by_tp_pct": 0.3296296296296296,
  "trades_closed_by_sl_pct": 0.6703703703703704,
  "win_rate": 0.3296296296296296,
  "profit_per_trade": -0.37258666775814836,
  "final_equity": 48.80319941059989,
  "decision_mode": "single",
  "backtest_elapsed_seconds": 32.663209676742554,
  "train_episodes": 167.0,
  "train_total_trades": 8006.0,
  "train_avg_trades_per_episode": 47.94011976047904,
  "accepted": false,
  "acceptance_reason": "total_profit=-201.1968 <= 2.0000; |drawdown|=0.8289 > 0.0800; profit_per_trade=-0.372587 <= 0.000100"
}