{
  "total_profit": -200.08375381499985,
  "max_drawdown": -0.818896799452217,
  "num_trades": 431.0,
  "agent_orders": 431.0,
  "blocked_trades": 384.0,
  "blocked_by_cooldown": 384.0,
  "blocked_by_min_notional": 0.0,
  "blocked_by_volume_min": 0.0,
  "blocked_by_invalid_stop_distance": 0.0,
  "blocked_trade_rate": 0.47116564417177914,
  "attempted_reversals": 1239.0,
  "prevented_same_candle_reversals": 1239.0,
  "exit_by_take_profit": 139.0,
  "exit_by_stop_loss": 291.0,
  "exit_by_agent_close": 0.0,
  "exit_by_margin_call": 1.0,
  "exit_by_episode_end": 0.0,
  "average_trade_duration_bars": 172.2598607888631,
  "average_win": 5.86714718786475,
  "average_loss": -3.257759039738699,
  "payoff_ratio": 1.8009764124038303,
  "profit_factor": 0.8573141141237411,
  "trades_closed_by_tp_pct": 0.3225058004640371,
  "trades_closed_by_sl_pct": 0.6751740139211136,
  "win_rate": 0.3225058004640371,
  "profit_per_trade": -0.464231447366589,
  "final_equity": 49.91624618500013,
  "decision_mode": "single",
  "backtest_elapsed_seconds": 28.974926948547363,
  "train_episodes": 167.0,
  "train_total_trades": 8212.0,
  "train_avg_trades_per_episode": 49.17365269461078,
  "accepted": false,
  "acceptance_reason": "total_profit=-200.0838 <= 2.0000; |drawdown|=0.8189 > 0.0800; profit_per_trade=-0.464231 <= 0.000100"
}