{
  "summary": {
    "num_runs": 3,
    "accepted_runs": 0,
    "pass_rate": 0.0,
    "strategy_accepted": false
  },
  "runs": [
    {
      "seed": 123,
      "pain_decay_factor": 0.0,
      "model_path": "models\\ppo_btc_m5_s123.zip",
      "total_profit": -168.52853076094982,
      "max_drawdown": -0.6847853914598478,
      "num_trades": 598.0,
      "blocked_trades": 493.0,
      "blocked_trade_rate": 0.45187901008249315,
      "win_rate": 0.36454849498327757,
      "profit_per_trade": -0.2818202855534278,
      "final_equity": 81.47146923905017,
      "exit_by_take_profit": 218.0,
      "exit_by_stop_loss": 380.0,
      "exit_by_agent_close": 0.0,
      "exit_by_margin_call": 0.0,
      "attempted_reversals": 13858.0,
      "prevented_same_candle_reversals": 13858.0,
      "average_trade_duration_bars": 155.92140468227424,
      "average_win": 5.871711264627293,
      "average_loss": -3.567721422715789,
      "payoff_ratio": 1.645787484202643,
      "profit_factor": 0.9441622935688846,
      "trades_closed_by_tp_pct": 0.36454849498327757,
      "trades_closed_by_sl_pct": 0.6354515050167224,
      "train_total_trades": 8136.0,
      "accepted": false,
      "acceptance_reason": "total_profit=-168.5285 <= 2.0000; |drawdown|=0.6848 > 0.0800; profit_per_trade=-0.281820 <= 0.000100"
    },
    {
      "seed": 999,
      "pain_decay_factor": 0.0,
      "model_path": "models\\ppo_btc_m5_s999.zip",
      "total_profit": -200.08375381499985,
      "max_drawdown": -0.818896799452217,
      "num_trades": 431.0,
      "blocked_trades": 384.0,
      "blocked_trade_rate": 0.47116564417177914,
      "win_rate": 0.3225058004640371,
      "profit_per_trade": -0.464231447366589,
      "final_equity": 49.91624618500013,
      "exit_by_take_profit": 139.0,
      "exit_by_stop_loss": 291.0,
      "exit_by_agent_close": 0.0,
      "exit_by_margin_call": 1.0,
      "attempted_reversals": 1239.0,
      "prevented_same_candle_reversals": 1239.0,
      "average_trade_duration_bars": 172.2598607888631,
      "average_win": 5.86714718786475,
      "average_loss": -3.257759039738699,
      "payoff_ratio": 1.8009764124038303,
      "profit_factor": 0.8573141141237411,
      "trades_closed_by_tp_pct": 0.3225058004640371,
      "trades_closed_by_sl_pct": 0.6751740139211136,
      "train_total_trades": 8212.0,
      "accepted": false,
      "acceptance_reason": "total_profit=-200.0838 <= 2.0000; |drawdown|=0.8189 > 0.0800; profit_per_trade=-0.464231 <= 0.000100"
    },
    {
      "seed": 2004,
      "pain_decay_factor": 0.0,
      "model_path": "models\\ppo_btc_m5_s2004.zip",
      "total_profit": -201.1968005894001,
      "max_drawdown": -0.8289081735733229,
      "num_trades": 540.0,
      "blocked_trades": 355.0,
      "blocked_trade_rate": 0.39664804469273746,
      "win_rate": 0.3296296296296296,
      "profit_per_trade": -0.37258666775814836,
      "final_equity": 48.80319941059989,
      "exit_by_take_profit": 178.0,
      "exit_by_stop_loss": 362.0,
      "exit_by_agent_close": 0.0,
      "exit_by_margin_call": 0.0,
      "attempted_reversals": 8358.0,
      "prevented_same_candle_reversals": 8358.0,
      "average_trade_duration_bars": 153.6425925925926,
      "average_win": 4.067469922521631,
      "average_loss": -2.3951167186020728,
      "payoff_ratio": 1.69823453317784,
      "profit_factor": 0.8350434997393797,
      "trades_closed_by_tp_pct": 0.3296296296296296,
      "trades_closed_by_sl_pct": 0.6703703703703704,
      "train_total_trades": 8006.0,
      "accepted": false,
      "acceptance_reason": "total_profit=-201.1968 <= 2.0000; |drawdown|=0.8289 > 0.0800; profit_per_trade=-0.372587 <= 0.000100"
    }
  ]
}