{
  "summary": {
    "num_runs": 1,
    "accepted_runs": 0,
    "pass_rate": 0.0,
    "strategy_accepted": false
  },
  "runs": [
    {
      "seed": 2004,
      "pain_decay_factor": 0.0,
      "model_path": "models\\ppo_btc_m5_s2004.zip",
      "total_profit": -121.9585045835494,
      "max_drawdown": -0.5716170242857838,
      "num_trades": 615.0,
      "blocked_trades": 378.0,
      "blocked_trade_rate": 0.3806646525679758,
      "win_rate": 0.367479674796748,
      "profit_per_trade": -0.1983065115179665,
      "final_equity": 128.0414954164506,
      "exit_by_take_profit": 226.0,
      "exit_by_stop_loss": 389.0,
      "exit_by_agent_close": 0.0,
      "exit_by_margin_call": 0.0,
      "attempted_reversals": 94.0,
      "prevented_same_candle_reversals": 94.0,
      "average_trade_duration_bars": 151.00650406504064,
      "average_win": 5.762813148778983,
      "average_loss": -3.421673266090745,
      "payoff_ratio": 1.6842090698399692,
      "profit_factor": 0.9784865033003419,
      "trades_closed_by_tp_pct": 0.367479674796748,
      "trades_closed_by_sl_pct": 0.6325203252032521,
      "train_total_trades": 964.0,
      "accepted": false,
      "acceptance_reason": "total_profit=-121.9585 <= 2.0000; |drawdown|=0.5716 > 0.0800; profit_per_trade=-0.198307 <= 0.000100"
    }
  ]
}