{
  "total_profit": 77.68018907280032,
  "max_drawdown": -0.18237974257540424,
  "num_trades": 148.0,
  "agent_orders": 148.0,
  "blocked_trades": 55.0,
  "blocked_by_cooldown": 55.0,
  "blocked_by_min_notional": 0.0,
  "blocked_by_volume_min": 0.0,
  "blocked_by_invalid_stop_distance": 0.0,
  "blocked_by_regime_filter": 1708.0,
  "trades_allowed_by_regime_filter": 203.0,
  "pct_bars_with_valid_regime": 0.1947536983376544,
  "pct_bars_filtered_by_regime": 0.8052463016623456,
  "blocked_trade_rate": 0.270935960591133,
  "attempted_reversals": 3203.0,
  "prevented_same_candle_reversals": 3203.0,
  "exit_by_take_profit": 57.0,
  "exit_by_stop_loss": 91.0,
  "exit_by_agent_close": 0.0,
  "exit_by_margin_call": 0.0,
  "exit_by_episode_end": 0.0,
  "average_trade_duration_bars": 65.72972972972973,
  "average_win": 6.6204743827114045,
  "average_loss": -3.1845766475214297,
  "payoff_ratio": 2.07891820969803,
  "profit_factor": 1.3021795379427221,
  "trades_closed_by_tp_pct": 0.38513513513513514,
  "trades_closed_by_sl_pct": 0.6148648648648649,
  "win_rate": 0.38513513513513514,
  "profit_per_trade": 0.5248661423837859,
  "final_equity": 327.6801890728003,
  "decision_mode": "single",
  "backtest_elapsed_seconds": 9.169109106063843
}