{
  "total_profit": 46.84389655595015,
  "max_drawdown": -0.3798454562073608,
  "num_trades": 203.0,
  "agent_orders": 203.0,
  "blocked_trades": 107.0,
  "blocked_by_cooldown": 107.0,
  "blocked_by_min_notional": 0.0,
  "blocked_by_volume_min": 0.0,
  "blocked_by_invalid_stop_distance": 0.0,
  "blocked_by_regime_filter": 0.0,
  "trades_allowed_by_regime_filter": 310.0,
  "pct_bars_with_valid_regime": 0.9903156931523562,
  "blocked_trade_rate": 0.34516129032258064,
  "attempted_reversals": 1700.0,
  "prevented_same_candle_reversals": 1700.0,
  "exit_by_take_profit": 71.0,
  "exit_by_stop_loss": 132.0,
  "exit_by_agent_close": 0.0,
  "exit_by_margin_call": 0.0,
  "exit_by_episode_end": 0.0,
  "average_trade_duration_bars": 61.206896551724135,
  "average_win": 9.219296373016197,
  "average_loss": -4.457001154176517,
  "payoff_ratio": 2.0684976409254645,
  "profit_factor": 1.1126010038311211,
  "trades_closed_by_tp_pct": 0.3497536945812808,
  "trades_closed_by_sl_pct": 0.6502463054187192,
  "win_rate": 0.3497536945812808,
  "profit_per_trade": 0.23075811111305494,
  "final_equity": 296.84389655595015,
  "decision_mode": "single",
  "backtest_elapsed_seconds": 13.377764225006104,
  "train_episodes": 17.0,
  "train_total_trades": 5064.0,
  "train_avg_trades_per_episode": 297.88235294117646,
  "accepted": false,
  "acceptance_reason": "|drawdown|=0.3798 > 0.0800"
}