{
  "total_profit": 16.61575529829986,
  "max_drawdown": -0.3724582005475809,
  "num_trades": 202.0,
  "agent_orders": 202.0,
  "blocked_trades": 103.0,
  "blocked_by_cooldown": 103.0,
  "blocked_by_min_notional": 0.0,
  "blocked_by_volume_min": 0.0,
  "blocked_by_invalid_stop_distance": 0.0,
  "blocked_by_regime_filter": 0.0,
  "trades_allowed_by_regime_filter": 305.0,
  "pct_bars_with_valid_regime": 0.9903156931523562,
  "blocked_trade_rate": 0.3377049180327869,
  "attempted_reversals": 1106.0,
  "prevented_same_candle_reversals": 1106.0,
  "exit_by_take_profit": 70.0,
  "exit_by_stop_loss": 132.0,
  "exit_by_agent_close": 0.0,
  "exit_by_margin_call": 0.0,
  "exit_by_episode_end": 0.0,
  "average_trade_duration_bars": 61.45544554455446,
  "average_win": 9.748456162806434,
  "average_loss": -4.886276508126139,
  "payoff_ratio": 1.9950684629889919,
  "profit_factor": 1.0579908515850713,
  "trades_closed_by_tp_pct": 0.3465346534653465,
  "trades_closed_by_sl_pct": 0.6534653465346535,
  "win_rate": 0.3465346534653465,
  "profit_per_trade": 0.08225621434801911,
  "final_equity": 266.61575529829986,
  "decision_mode": "single",
  "backtest_elapsed_seconds": 13.37837028503418,
  "train_episodes": 17.0,
  "train_total_trades": 5093.0,
  "train_avg_trades_per_episode": 299.5882352941176,
  "accepted": false,
  "acceptance_reason": "|drawdown|=0.3725 > 0.0800"
}