{
  "total_profit": 15.233672923450229,
  "max_drawdown": -0.16840912109232706,
  "num_trades": 114.0,
  "agent_orders": 114.0,
  "blocked_trades": 14.0,
  "blocked_by_cooldown": 14.0,
  "blocked_by_min_notional": 0.0,
  "blocked_by_volume_min": 0.0,
  "blocked_by_invalid_stop_distance": 0.0,
  "blocked_by_regime_filter": 574.0,
  "trades_allowed_by_regime_filter": 128.0,
  "pct_bars_with_valid_regime": 0.1947536983376544,
  "pct_bars_filtered_by_regime": 0.8052463016623456,
  "blocked_trade_rate": 0.109375,
  "attempted_reversals": 482.0,
  "prevented_same_candle_reversals": 482.0,
  "exit_by_take_profit": 41.0,
  "exit_by_stop_loss": 73.0,
  "exit_by_agent_close": 0.0,
  "exit_by_margin_call": 0.0,
  "exit_by_episode_end": 0.0,
  "average_trade_duration_bars": 62.3421052631579,
  "average_win": 5.446535848584147,
  "average_loss": -2.7607525444616434,
  "payoff_ratio": 1.9728446359708927,
  "profit_factor": 1.1080360284220083,
  "trades_closed_by_tp_pct": 0.35964912280701755,
  "trades_closed_by_sl_pct": 0.6403508771929824,
  "win_rate": 0.35964912280701755,
  "profit_per_trade": 0.13362870985482656,
  "final_equity": 265.23367292345023,
  "decision_mode": "single",
  "backtest_elapsed_seconds": 9.115152359008789,
  "train_episodes": 17.0,
  "train_total_trades": 3269.0,
  "train_avg_trades_per_episode": 192.2941176470588,
  "accepted": true,
  "acceptance_reason": "ok"
}