{
  "total_profit": 89.06654978089995,
  "max_drawdown": -0.1326593358535491,
  "num_trades": 149.0,
  "agent_orders": 149.0,
  "blocked_trades": 46.0,
  "blocked_by_cooldown": 46.0,
  "blocked_by_min_notional": 0.0,
  "blocked_by_volume_min": 0.0,
  "blocked_by_invalid_stop_distance": 0.0,
  "blocked_by_regime_filter": 1337.0,
  "trades_allowed_by_regime_filter": 195.0,
  "pct_bars_with_valid_regime": 0.1947536983376544,
  "pct_bars_filtered_by_regime": 0.8052463016623456,
  "blocked_trade_rate": 0.2358974358974359,
  "attempted_reversals": 1745.0,
  "prevented_same_candle_reversals": 1745.0,
  "exit_by_take_profit": 58.0,
  "exit_by_stop_loss": 91.0,
  "exit_by_agent_close": 0.0,
  "exit_by_margin_call": 0.0,
  "exit_by_episode_end": 0.0,
  "average_trade_duration_bars": 63.54362416107382,
  "average_win": 6.770854800784484,
  "average_loss": -3.2241408041170327,
  "payoff_ratio": 2.1000493502450364,
  "profit_factor": 1.3384929924638693,
  "trades_closed_by_tp_pct": 0.38926174496644295,
  "trades_closed_by_sl_pct": 0.610738255033557,
  "win_rate": 0.38926174496644295,
  "profit_per_trade": 0.5977620790664426,
  "final_equity": 339.06654978089995,
  "decision_mode": "ensemble_majority_vote",
  "ensemble_size": 5.0,
  "vote_hold_total": 27830.0,
  "vote_buy_total": 18365.0,
  "vote_sell_total": 19375.0,
  "tie_steps": 3822.0,
  "backtest_elapsed_seconds": 26.667832374572754
}