{
  "total_profit": 56.194776737350196,
  "max_drawdown": -0.15298187221292084,
  "num_trades": 149.0,
  "agent_orders": 149.0,
  "blocked_trades": 42.0,
  "blocked_by_cooldown": 42.0,
  "blocked_by_min_notional": 0.0,
  "blocked_by_volume_min": 0.0,
  "blocked_by_invalid_stop_distance": 0.0,
  "blocked_by_regime_filter": 1620.0,
  "trades_allowed_by_regime_filter": 191.0,
  "pct_bars_with_valid_regime": 0.1947536983376544,
  "pct_bars_filtered_by_regime": 0.8052463016623456,
  "blocked_trade_rate": 0.2198952879581152,
  "attempted_reversals": 3022.0,
  "prevented_same_candle_reversals": 3022.0,
  "exit_by_take_profit": 54.0,
  "exit_by_stop_loss": 95.0,
  "exit_by_agent_close": 0.0,
  "exit_by_margin_call": 0.0,
  "exit_by_episode_end": 0.0,
  "average_trade_duration_bars": 61.79194630872483,
  "average_win": 7.134621977018519,
  "average_loss": -3.3520487237136845,
  "payoff_ratio": 2.128436238574175,
  "profit_factor": 1.209847967189531,
  "trades_closed_by_tp_pct": 0.3624161073825503,
  "trades_closed_by_sl_pct": 0.6375838926174496,
  "win_rate": 0.3624161073825503,
  "profit_per_trade": 0.3771461525996657,
  "final_equity": 306.1947767373502,
  "decision_mode": "single",
  "backtest_elapsed_seconds": 9.477997064590454
}