{
  "summary": {
    "initial_balance": 250.0,
    "decision_mode": "individual_and_ensemble_vote",
    "models_tested": [
      "ppo_btc_h1_s1",
      "ppo_btc_h1_s21",
      "ppo_btc_h1_s256",
      "ppo_btc_h1_s512",
      "ppo_btc_h1_s999"
    ]
  },
  "runs": [
    {
      "model_name": "ppo_btc_h1_s1",
      "decision_mode": "single",
      "total_profit": 83.62695106030031,
      "max_drawdown": -0.12325142166627007,
      "num_trades": 150.0,
      "blocked_trades": 51.0,
      "blocked_by_regime_filter": 2489.0,
      "trades_allowed_by_regime_filter": 201.0,
      "pct_bars_with_valid_regime": 0.1947536983376544,
      "pct_bars_filtered_by_regime": 0.8052463016623456,
      "win_rate": 0.38666666666666666,
      "profit_per_trade": 0.5575130070686688,
      "final_equity": 333.6269510603003,
      "exit_by_take_profit": 58.0,
      "exit_by_stop_loss": 92.0,
      "exit_by_agent_close": 0.0,
      "exit_by_margin_call": 0.0,
      "attempted_reversals": 2892.0,
      "prevented_same_candle_reversals": 2892.0,
      "average_trade_duration_bars": 58.18666666666667,
      "average_win": 6.8879311393008615,
      "average_loss": -3.321086357052173,
      "payoff_ratio": 2.0739994082582824,
      "profit_factor": 1.3075213660758738,
      "trades_closed_by_tp_pct": 0.38666666666666666,
      "trades_closed_by_sl_pct": 0.6133333333333333
    },
    {
      "model_name": "ppo_btc_h1_s21",
      "decision_mode": "single",
      "total_profit": 102.00785090630012,
      "max_drawdown": -0.17773548873307085,
      "num_trades": 147.0,
      "blocked_trades": 53.0,
      "blocked_by_regime_filter": 2058.0,
      "trades_allowed_by_regime_filter": 200.0,
      "pct_bars_with_valid_regime": 0.1947536983376544,
      "pct_bars_filtered_by_regime": 0.8052463016623456,
      "win_rate": 0.40816326530612246,
      "profit_per_trade": 0.6939309585462593,
      "final_equity": 352.0078509063001,
      "exit_by_take_profit": 60.0,
      "exit_by_stop_loss": 87.0,
      "exit_by_agent_close": 0.0,
      "exit_by_margin_call": 0.0,
      "attempted_reversals": 1864.0,
      "prevented_same_candle_reversals": 1864.0,
      "average_trade_duration_bars": 63.183673469387756,
      "average_win": 6.789409680500835,
      "average_loss": -3.391074947325861,
      "payoff_ratio": 2.0021408508988685,
      "profit_factor": 1.3807867937233576,
      "trades_closed_by_tp_pct": 0.40816326530612246,
      "trades_closed_by_sl_pct": 0.5918367346938775
    },
    {
      "model_name": "ppo_btc_h1_s256",
      "decision_mode": "single",
      "total_profit": 77.68018907280032,
      "max_drawdown": -0.18237974257540424,
      "num_trades": 148.0,
      "blocked_trades": 55.0,
      "blocked_by_regime_filter": 1708.0,
      "trades_allowed_by_regime_filter": 203.0,
      "pct_bars_with_valid_regime": 0.1947536983376544,
      "pct_bars_filtered_by_regime": 0.8052463016623456,
      "win_rate": 0.38513513513513514,
      "profit_per_trade": 0.5248661423837859,
      "final_equity": 327.6801890728003,
      "exit_by_take_profit": 57.0,
      "exit_by_stop_loss": 91.0,
      "exit_by_agent_close": 0.0,
      "exit_by_margin_call": 0.0,
      "attempted_reversals": 3203.0,
      "prevented_same_candle_reversals": 3203.0,
      "average_trade_duration_bars": 65.72972972972973,
      "average_win": 6.6204743827114045,
      "average_loss": -3.1845766475214297,
      "payoff_ratio": 2.07891820969803,
      "profit_factor": 1.3021795379427221,
      "trades_closed_by_tp_pct": 0.38513513513513514,
      "trades_closed_by_sl_pct": 0.6148648648648649
    },
    {
      "model_name": "ppo_btc_h1_s512",
      "decision_mode": "single",
      "total_profit": 56.194776737350196,
      "max_drawdown": -0.15298187221292084,
      "num_trades": 149.0,
      "blocked_trades": 42.0,
      "blocked_by_regime_filter": 1620.0,
      "trades_allowed_by_regime_filter": 191.0,
      "pct_bars_with_valid_regime": 0.1947536983376544,
      "pct_bars_filtered_by_regime": 0.8052463016623456,
      "win_rate": 0.3624161073825503,
      "profit_per_trade": 0.3771461525996657,
      "final_equity": 306.1947767373502,
      "exit_by_take_profit": 54.0,
      "exit_by_stop_loss": 95.0,
      "exit_by_agent_close": 0.0,
      "exit_by_margin_call": 0.0,
      "attempted_reversals": 3022.0,
      "prevented_same_candle_reversals": 3022.0,
      "average_trade_duration_bars": 61.79194630872483,
      "average_win": 7.134621977018519,
      "average_loss": -3.3520487237136845,
      "payoff_ratio": 2.128436238574175,
      "profit_factor": 1.209847967189531,
      "trades_closed_by_tp_pct": 0.3624161073825503,
      "trades_closed_by_sl_pct": 0.6375838926174496
    },
    {
      "model_name": "ppo_btc_h1_s999",
      "decision_mode": "single",
      "total_profit": 27.577633244200513,
      "max_drawdown": -0.1813959869281223,
      "num_trades": 155.0,
      "blocked_trades": 61.0,
      "blocked_by_regime_filter": 2146.0,
      "trades_allowed_by_regime_filter": 216.0,
      "pct_bars_with_valid_regime": 0.1947536983376544,
      "pct_bars_filtered_by_regime": 0.8052463016623456,
      "win_rate": 0.34838709677419355,
      "profit_per_trade": 0.17792021447871298,
      "final_equity": 277.5776332442005,
      "exit_by_take_profit": 54.0,
      "exit_by_stop_loss": 101.0,
      "exit_by_agent_close": 0.0,
      "exit_by_margin_call": 0.0,
      "attempted_reversals": 3543.0,
      "prevented_same_candle_reversals": 3543.0,
      "average_trade_duration_bars": 61.47096774193548,
      "average_win": 6.260665320443519,
      "average_loss": -2.9773829629495037,
      "payoff_ratio": 2.1027410307478474,
      "profit_factor": 1.1242377788156808,
      "trades_closed_by_tp_pct": 0.34838709677419355,
      "trades_closed_by_sl_pct": 0.6516129032258065
    },
    {
      "model_name": "ensemble_vote",
      "decision_mode": "ensemble_majority_vote",
      "total_profit": 89.06654978089995,
      "max_drawdown": -0.1326593358535491,
      "num_trades": 149.0,
      "blocked_trades": 46.0,
      "blocked_by_regime_filter": 1337.0,
      "trades_allowed_by_regime_filter": 195.0,
      "pct_bars_with_valid_regime": 0.1947536983376544,
      "pct_bars_filtered_by_regime": 0.8052463016623456,
      "win_rate": 0.38926174496644295,
      "profit_per_trade": 0.5977620790664426,
      "final_equity": 339.06654978089995,
      "exit_by_take_profit": 58.0,
      "exit_by_stop_loss": 91.0,
      "exit_by_agent_close": 0.0,
      "exit_by_margin_call": 0.0,
      "attempted_reversals": 1745.0,
      "prevented_same_candle_reversals": 1745.0,
      "average_trade_duration_bars": 63.54362416107382,
      "average_win": 6.770854800784484,
      "average_loss": -3.2241408041170327,
      "payoff_ratio": 2.1000493502450364,
      "profit_factor": 1.3384929924638693,
      "trades_closed_by_tp_pct": 0.38926174496644295,
      "trades_closed_by_sl_pct": 0.610738255033557,
      "ensemble_size": 5.0,
      "vote_hold_total": 27830.0,
      "vote_buy_total": 18365.0,
      "vote_sell_total": 19375.0,
      "tie_steps": 3822.0
    }
  ]
}