{
  "total_profit": -18.670483311600037,
  "max_drawdown": -0.18470296886053636,
  "num_trades": 124.0,
  "agent_orders": 124.0,
  "blocked_trades": 25.0,
  "blocked_by_cooldown": 25.0,
  "blocked_by_min_notional": 0.0,
  "blocked_by_volume_min": 0.0,
  "blocked_by_invalid_stop_distance": 0.0,
  "blocked_by_regime_filter": 618.0,
  "trades_allowed_by_regime_filter": 149.0,
  "pct_bars_with_valid_regime": 0.1947536983376544,
  "pct_bars_filtered_by_regime": 0.8052463016623456,
  "blocked_trade_rate": 0.16778523489932887,
  "attempted_reversals": 302.0,
  "prevented_same_candle_reversals": 302.0,
  "exit_by_take_profit": 39.0,
  "exit_by_stop_loss": 85.0,
  "exit_by_agent_close": 0.0,
  "exit_by_margin_call": 0.0,
  "exit_by_episode_end": 0.0,
  "average_trade_duration_bars": 59.50806451612903,
  "average_win": 5.177362401151281,
  "average_loss": -2.51744482129647,
  "payoff_ratio": 2.0565941931886984,
  "profit_factor": 0.9436138062865792,
  "trades_closed_by_tp_pct": 0.31451612903225806,
  "trades_closed_by_sl_pct": 0.6854838709677419,
  "win_rate": 0.31451612903225806,
  "profit_per_trade": -0.1505684138032261,
  "final_equity": 231.32951668839996,
  "decision_mode": "single",
  "backtest_elapsed_seconds": 9.101978778839111,
  "train_episodes": 17.0,
  "train_total_trades": 3317.0,
  "train_avg_trades_per_episode": 195.11764705882354,
  "accepted": false,
  "acceptance_reason": "total_profit=-18.6705 <= 2.0000; profit_per_trade=-0.150568 <= 0.000100"
}