{
  "total_profit": 100.0205972274,
  "max_drawdown": -0.05662256896869709,
  "num_trades": 61.0,
  "agent_orders": 61.0,
  "blocked_trades": 19.0,
  "blocked_by_cooldown": 19.0,
  "blocked_by_min_notional": 0.0,
  "blocked_by_volume_min": 0.0,
  "blocked_by_invalid_stop_distance": 0.0,
  "blocked_by_regime_filter": 1136.0,
  "trades_allowed_by_regime_filter": 80.0,
  "pct_bars_with_valid_regime": 0.18194296172029892,
  "pct_bars_filtered_by_regime": 0.8180570382797011,
  "blocked_trade_rate": 0.2375,
  "attempted_reversals": 1064.0,
  "prevented_same_candle_reversals": 1064.0,
  "exit_by_take_profit": 30.0,
  "exit_by_stop_loss": 31.0,
  "exit_by_agent_close": 0.0,
  "exit_by_margin_call": 0.0,
  "exit_by_episode_end": 0.0,
  "average_trade_duration_bars": 74.19672131147541,
  "average_win": 7.437615140135,
  "average_loss": -3.8164541087532253,
  "payoff_ratio": 1.9488286582763994,
  "profit_factor": 1.8859632176868382,
  "trades_closed_by_tp_pct": 0.4918032786885246,
  "trades_closed_by_sl_pct": 0.5081967213114754,
  "win_rate": 0.4918032786885246,
  "profit_per_trade": 1.6396819217606557,
  "final_equity": 350.0205972274,
  "decision_mode": "single",
  "backtest_elapsed_seconds": 4.943806409835815
}