{
  "summary": {
    "num_runs": 3,
    "accepted_runs": 0,
    "pass_rate": 0.0,
    "strategy_accepted": false
  },
  "runs": [
    {
      "seed": 123,
      "pain_decay_factor": 0.0,
      "model_path": "models\\ppo_btc_h1_s123.zip",
      "total_profit": -73.73788630920026,
      "max_drawdown": -0.5661368950687309,
      "num_trades": 207.0,
      "blocked_trades": 117.0,
      "blocked_by_regime_filter": 0.0,
      "trades_allowed_by_regime_filter": 324.0,
      "pct_bars_with_valid_regime": 0.9903156931523562,
      "blocked_trade_rate": 0.3611111111111111,
      "win_rate": 0.3188405797101449,
      "profit_per_trade": -0.35622167299130564,
      "final_equity": 176.26211369079974,
      "exit_by_take_profit": 66.0,
      "exit_by_stop_loss": 141.0,
      "exit_by_agent_close": 0.0,
      "exit_by_margin_call": 0.0,
      "attempted_reversals": 215.0,
      "prevented_same_candle_reversals": 215.0,
      "average_trade_duration_bars": 57.7487922705314,
      "average_win": 7.073782389202273,
      "average_loss": -3.7203285509219866,
      "payoff_ratio": 1.9013864749792648,
      "profit_factor": 0.8900106904158261,
      "trades_closed_by_tp_pct": 0.3188405797101449,
      "trades_closed_by_sl_pct": 0.6811594202898551,
      "train_total_trades": 5102.0,
      "accepted": false,
      "acceptance_reason": "total_profit=-73.7379 <= 2.0000; |drawdown|=0.5661 > 0.0800; profit_per_trade=-0.356222 <= 0.000100"
    },
    {
      "seed": 999,
      "pain_decay_factor": 0.0,
      "model_path": "models\\ppo_btc_h1_s999.zip",
      "total_profit": 16.61575529829986,
      "max_drawdown": -0.3724582005475809,
      "num_trades": 202.0,
      "blocked_trades": 103.0,
      "blocked_by_regime_filter": 0.0,
      "trades_allowed_by_regime_filter": 305.0,
      "pct_bars_with_valid_regime": 0.9903156931523562,
      "blocked_trade_rate": 0.3377049180327869,
      "win_rate": 0.3465346534653465,
      "profit_per_trade": 0.08225621434801911,
      "final_equity": 266.61575529829986,
      "exit_by_take_profit": 70.0,
      "exit_by_stop_loss": 132.0,
      "exit_by_agent_close": 0.0,
      "exit_by_margin_call": 0.0,
      "attempted_reversals": 1106.0,
      "prevented_same_candle_reversals": 1106.0,
      "average_trade_duration_bars": 61.45544554455446,
      "average_win": 9.748456162806434,
      "average_loss": -4.886276508126139,
      "payoff_ratio": 1.9950684629889919,
      "profit_factor": 1.0579908515850713,
      "trades_closed_by_tp_pct": 0.3465346534653465,
      "trades_closed_by_sl_pct": 0.6534653465346535,
      "train_total_trades": 5093.0,
      "accepted": false,
      "acceptance_reason": "|drawdown|=0.3725 > 0.0800"
    },
    {
      "seed": 2004,
      "pain_decay_factor": 0.0,
      "model_path": "models\\ppo_btc_h1_s2004.zip",
      "total_profit": 46.84389655595015,
      "max_drawdown": -0.3798454562073608,
      "num_trades": 203.0,
      "blocked_trades": 107.0,
      "blocked_by_regime_filter": 0.0,
      "trades_allowed_by_regime_filter": 310.0,
      "pct_bars_with_valid_regime": 0.9903156931523562,
      "blocked_trade_rate": 0.34516129032258064,
      "win_rate": 0.3497536945812808,
      "profit_per_trade": 0.23075811111305494,
      "final_equity": 296.84389655595015,
      "exit_by_take_profit": 71.0,
      "exit_by_stop_loss": 132.0,
      "exit_by_agent_close": 0.0,
      "exit_by_margin_call": 0.0,
      "attempted_reversals": 1700.0,
      "prevented_same_candle_reversals": 1700.0,
      "average_trade_duration_bars": 61.206896551724135,
      "average_win": 9.219296373016197,
      "average_loss": -4.457001154176517,
      "payoff_ratio": 2.0684976409254645,
      "profit_factor": 1.1126010038311211,
      "trades_closed_by_tp_pct": 0.3497536945812808,
      "trades_closed_by_sl_pct": 0.6502463054187192,
      "train_total_trades": 5064.0,
      "accepted": false,
      "acceptance_reason": "|drawdown|=0.3798 > 0.0800"
    }
  ]
}