{
  "summary": {
    "num_runs": 3,
    "accepted_runs": 2,
    "pass_rate": 0.6666666666666666,
    "strategy_accepted": true
  },
  "runs": [
    {
      "seed": 123,
      "pain_decay_factor": 0.0,
      "model_path": "models\\ppo_btc_h1_s123.zip",
      "total_profit": -18.670483311600037,
      "max_drawdown": -0.18470296886053636,
      "num_trades": 124.0,
      "blocked_trades": 25.0,
      "blocked_by_regime_filter": 618.0,
      "trades_allowed_by_regime_filter": 149.0,
      "pct_bars_with_valid_regime": 0.1947536983376544,
      "pct_bars_filtered_by_regime": 0.8052463016623456,
      "blocked_trade_rate": 0.16778523489932887,
      "win_rate": 0.31451612903225806,
      "profit_per_trade": -0.1505684138032261,
      "final_equity": 231.32951668839996,
      "exit_by_take_profit": 39.0,
      "exit_by_stop_loss": 85.0,
      "exit_by_agent_close": 0.0,
      "exit_by_margin_call": 0.0,
      "attempted_reversals": 302.0,
      "prevented_same_candle_reversals": 302.0,
      "average_trade_duration_bars": 59.50806451612903,
      "average_win": 5.177362401151281,
      "average_loss": -2.51744482129647,
      "payoff_ratio": 2.0565941931886984,
      "profit_factor": 0.9436138062865792,
      "trades_closed_by_tp_pct": 0.31451612903225806,
      "trades_closed_by_sl_pct": 0.6854838709677419,
      "train_total_trades": 3317.0,
      "accepted": false,
      "acceptance_reason": "total_profit=-18.6705 <= 2.0000; profit_per_trade=-0.150568 <= 0.000100"
    },
    {
      "seed": 999,
      "pain_decay_factor": 0.0,
      "model_path": "models\\ppo_btc_h1_s999.zip",
      "total_profit": 19.738174035200473,
      "max_drawdown": -0.22269009361785091,
      "num_trades": 136.0,
      "blocked_trades": 25.0,
      "blocked_by_regime_filter": 874.0,
      "trades_allowed_by_regime_filter": 161.0,
      "pct_bars_with_valid_regime": 0.1947536983376544,
      "pct_bars_filtered_by_regime": 0.8052463016623456,
      "blocked_trade_rate": 0.15527950310559005,
      "win_rate": 0.35294117647058826,
      "profit_per_trade": 0.14513363261176818,
      "final_equity": 269.7381740352005,
      "exit_by_take_profit": 48.0,
      "exit_by_stop_loss": 88.0,
      "exit_by_agent_close": 0.0,
      "exit_by_margin_call": 0.0,
      "attempted_reversals": 660.0,
      "prevented_same_candle_reversals": 660.0,
      "average_trade_duration_bars": 54.60294117647059,
      "average_win": 6.226598181342712,
      "average_loss": -3.072496107895453,
      "payoff_ratio": 2.026560152620568,
      "profit_factor": 1.1053964468839463,
      "trades_closed_by_tp_pct": 0.35294117647058826,
      "trades_closed_by_sl_pct": 0.6470588235294118,
      "train_total_trades": 3273.0,
      "accepted": true,
      "acceptance_reason": "ok"
    },
    {
      "seed": 2004,
      "pain_decay_factor": 0.0,
      "model_path": "models\\ppo_btc_h1_s2004.zip",
      "total_profit": 15.233672923450229,
      "max_drawdown": -0.16840912109232706,
      "num_trades": 114.0,
      "blocked_trades": 14.0,
      "blocked_by_regime_filter": 574.0,
      "trades_allowed_by_regime_filter": 128.0,
      "pct_bars_with_valid_regime": 0.1947536983376544,
      "pct_bars_filtered_by_regime": 0.8052463016623456,
      "blocked_trade_rate": 0.109375,
      "win_rate": 0.35964912280701755,
      "profit_per_trade": 0.13362870985482656,
      "final_equity": 265.23367292345023,
      "exit_by_take_profit": 41.0,
      "exit_by_stop_loss": 73.0,
      "exit_by_agent_close": 0.0,
      "exit_by_margin_call": 0.0,
      "attempted_reversals": 482.0,
      "prevented_same_candle_reversals": 482.0,
      "average_trade_duration_bars": 62.3421052631579,
      "average_win": 5.446535848584147,
      "average_loss": -2.7607525444616434,
      "payoff_ratio": 1.9728446359708927,
      "profit_factor": 1.1080360284220083,
      "trades_closed_by_tp_pct": 0.35964912280701755,
      "trades_closed_by_sl_pct": 0.6403508771929824,
      "train_total_trades": 3269.0,
      "accepted": true,
      "acceptance_reason": "ok"
    }
  ]
}