{
  "total_profit": 19.738174035200473,
  "max_drawdown": -0.22269009361785091,
  "num_trades": 136.0,
  "agent_orders": 136.0,
  "blocked_trades": 25.0,
  "blocked_by_cooldown": 25.0,
  "blocked_by_min_notional": 0.0,
  "blocked_by_volume_min": 0.0,
  "blocked_by_invalid_stop_distance": 0.0,
  "blocked_by_regime_filter": 874.0,
  "trades_allowed_by_regime_filter": 161.0,
  "pct_bars_with_valid_regime": 0.1947536983376544,
  "pct_bars_filtered_by_regime": 0.8052463016623456,
  "blocked_trade_rate": 0.15527950310559005,
  "attempted_reversals": 660.0,
  "prevented_same_candle_reversals": 660.0,
  "exit_by_take_profit": 48.0,
  "exit_by_stop_loss": 88.0,
  "exit_by_agent_close": 0.0,
  "exit_by_margin_call": 0.0,
  "exit_by_episode_end": 0.0,
  "average_trade_duration_bars": 54.60294117647059,
  "average_win": 6.226598181342712,
  "average_loss": -3.072496107895453,
  "payoff_ratio": 2.026560152620568,
  "profit_factor": 1.1053964468839463,
  "trades_closed_by_tp_pct": 0.35294117647058826,
  "trades_closed_by_sl_pct": 0.6470588235294118,
  "win_rate": 0.35294117647058826,
  "profit_per_trade": 0.14513363261176818,
  "final_equity": 269.7381740352005,
  "decision_mode": "single",
  "backtest_elapsed_seconds": 9.110871076583862,
  "train_episodes": 17.0,
  "train_total_trades": 3273.0,
  "train_avg_trades_per_episode": 192.52941176470588,
  "accepted": true,
  "acceptance_reason": "ok"
}