{
  "total_profit": -200.3563974016502,
  "max_drawdown": -0.8085040253223751,
  "num_trades": 876.0,
  "agent_orders": 1300.0,
  "blocked_trades": 1503.0,
  "blocked_by_cooldown": 1503.0,
  "blocked_by_min_notional": 0.0,
  "blocked_by_volume_min": 0.0,
  "blocked_by_invalid_stop_distance": 0.0,
  "blocked_trade_rate": 0.6317780580075663,
  "win_rate": 0.4908675799086758,
  "profit_per_trade": -0.22871734863202078,
  "final_equity": 49.64360259834978,
  "decision_mode": "single",
  "backtest_elapsed_seconds": 30.883553743362427,
  "train_episodes": 19.0,
  "train_total_trades": 14564.0,
  "train_avg_trades_per_episode": 766.5263157894736,
  "accepted": false,
  "acceptance_reason": "total_profit=-200.3564 <= 2.0000; |drawdown|=0.8085 > 0.0800; profit_per_trade=-0.228717 <= 0.000100"
}