{
  "total_profit": -91.14739319755003,
  "max_drawdown": -0.5717157933845514,
  "num_trades": 207.0,
  "agent_orders": 207.0,
  "blocked_trades": 124.0,
  "blocked_by_cooldown": 124.0,
  "blocked_by_min_notional": 0.0,
  "blocked_by_volume_min": 0.0,
  "blocked_by_invalid_stop_distance": 0.0,
  "blocked_trade_rate": 0.37462235649546827,
  "attempted_reversals": 188.0,
  "prevented_same_candle_reversals": 188.0,
  "exit_by_take_profit": 60.0,
  "exit_by_stop_loss": 147.0,
  "exit_by_agent_close": 0.0,
  "exit_by_margin_call": 0.0,
  "exit_by_episode_end": 0.0,
  "average_trade_duration_bars": 59.02415458937198,
  "average_win": 7.167940298684999,
  "average_loss": -3.442150955902041,
  "payoff_ratio": 2.082401495609767,
  "profit_factor": 0.8499597941264355,
  "trades_closed_by_tp_pct": 0.2898550724637681,
  "trades_closed_by_sl_pct": 0.7101449275362319,
  "win_rate": 0.2898550724637681,
  "profit_per_trade": -0.4403255710026572,
  "final_equity": 158.85260680244997,
  "decision_mode": "single",
  "backtest_elapsed_seconds": 5.155880451202393,
  "train_episodes": 17.0,
  "train_total_trades": 5120.0,
  "train_avg_trades_per_episode": 301.1764705882353,
  "accepted": false,
  "acceptance_reason": "total_profit=-91.1474 <= 2.0000; |drawdown|=0.5717 > 0.0800; profit_per_trade=-0.440326 <= 0.000100"
}