{
  "total_profit": -88.86811960014978,
  "max_drawdown": -0.5096711741113897,
  "num_trades": 217.0,
  "agent_orders": 217.0,
  "blocked_trades": 129.0,
  "blocked_by_cooldown": 129.0,
  "blocked_by_min_notional": 0.0,
  "blocked_by_volume_min": 0.0,
  "blocked_by_invalid_stop_distance": 0.0,
  "blocked_trade_rate": 0.37283236994219654,
  "attempted_reversals": 1428.0,
  "prevented_same_candle_reversals": 1428.0,
  "exit_by_take_profit": 65.0,
  "exit_by_stop_loss": 152.0,
  "exit_by_agent_close": 0.0,
  "exit_by_margin_call": 0.0,
  "exit_by_episode_end": 0.0,
  "average_trade_duration_bars": 57.14746543778802,
  "average_win": 7.477735070256154,
  "average_loss": -3.6707587593615143,
  "payoff_ratio": 2.0371088269382263,
  "profit_factor": 0.8711320641512152,
  "trades_closed_by_tp_pct": 0.2995391705069124,
  "trades_closed_by_sl_pct": 0.7004608294930875,
  "win_rate": 0.2995391705069124,
  "profit_per_trade": -0.40953050506981464,
  "final_equity": 161.13188039985022,
  "decision_mode": "single",
  "backtest_elapsed_seconds": 5.15059494972229,
  "train_episodes": 17.0,
  "train_total_trades": 5042.0,
  "train_avg_trades_per_episode": 296.5882352941176,
  "accepted": false,
  "acceptance_reason": "total_profit=-88.8681 <= 2.0000; |drawdown|=0.5097 > 0.0800; profit_per_trade=-0.409531 <= 0.000100"
}