{
  "total_profit": -20.797291352500253,
  "max_drawdown": -0.4241521340254223,
  "num_trades": 202.0,
  "agent_orders": 202.0,
  "blocked_trades": 106.0,
  "blocked_by_cooldown": 106.0,
  "blocked_by_min_notional": 0.0,
  "blocked_by_volume_min": 0.0,
  "blocked_by_invalid_stop_distance": 0.0,
  "blocked_trade_rate": 0.34415584415584416,
  "attempted_reversals": 1252.0,
  "prevented_same_candle_reversals": 1252.0,
  "exit_by_take_profit": 68.0,
  "exit_by_stop_loss": 134.0,
  "exit_by_agent_close": 0.0,
  "exit_by_margin_call": 0.0,
  "exit_by_episode_end": 0.0,
  "average_trade_duration_bars": 61.415841584158414,
  "average_win": 9.411910501478678,
  "average_loss": -4.7814641792388075,
  "payoff_ratio": 1.9684159806833523,
  "profit_factor": 0.9988976618393131,
  "trades_closed_by_tp_pct": 0.33663366336633666,
  "trades_closed_by_sl_pct": 0.6633663366336634,
  "win_rate": 0.33663366336633666,
  "profit_per_trade": -0.10295688788366461,
  "final_equity": 229.20270864749975,
  "decision_mode": "single",
  "backtest_elapsed_seconds": 5.1590001583099365,
  "train_episodes": 17.0,
  "train_total_trades": 5112.0,
  "train_avg_trades_per_episode": 300.70588235294116,
  "accepted": false,
  "acceptance_reason": "total_profit=-20.7973 <= 2.0000; |drawdown|=0.4242 > 0.0800; profit_per_trade=-0.102957 <= 0.000100"
}