{
  "summary": {
    "num_runs": 3,
    "accepted_runs": 0,
    "pass_rate": 0.0,
    "strategy_accepted": false
  },
  "runs": [
    {
      "seed": 123,
      "pain_decay_factor": 0.0,
      "model_path": "models\\ppo_btc_h1_s123.zip",
      "total_profit": -91.14739319755003,
      "max_drawdown": -0.5717157933845514,
      "num_trades": 207.0,
      "blocked_trades": 124.0,
      "blocked_trade_rate": 0.37462235649546827,
      "win_rate": 0.2898550724637681,
      "profit_per_trade": -0.4403255710026572,
      "final_equity": 158.85260680244997,
      "exit_by_take_profit": 60.0,
      "exit_by_stop_loss": 147.0,
      "exit_by_agent_close": 0.0,
      "exit_by_margin_call": 0.0,
      "attempted_reversals": 188.0,
      "prevented_same_candle_reversals": 188.0,
      "average_trade_duration_bars": 59.02415458937198,
      "average_win": 7.167940298684999,
      "average_loss": -3.442150955902041,
      "payoff_ratio": 2.082401495609767,
      "profit_factor": 0.8499597941264355,
      "trades_closed_by_tp_pct": 0.2898550724637681,
      "trades_closed_by_sl_pct": 0.7101449275362319,
      "train_total_trades": 5120.0,
      "accepted": false,
      "acceptance_reason": "total_profit=-91.1474 <= 2.0000; |drawdown|=0.5717 > 0.0800; profit_per_trade=-0.440326 <= 0.000100"
    },
    {
      "seed": 999,
      "pain_decay_factor": 0.0,
      "model_path": "models\\ppo_btc_h1_s999.zip",
      "total_profit": -20.797291352500253,
      "max_drawdown": -0.4241521340254223,
      "num_trades": 202.0,
      "blocked_trades": 106.0,
      "blocked_trade_rate": 0.34415584415584416,
      "win_rate": 0.33663366336633666,
      "profit_per_trade": -0.10295688788366461,
      "final_equity": 229.20270864749975,
      "exit_by_take_profit": 68.0,
      "exit_by_stop_loss": 134.0,
      "exit_by_agent_close": 0.0,
      "exit_by_margin_call": 0.0,
      "attempted_reversals": 1252.0,
      "prevented_same_candle_reversals": 1252.0,
      "average_trade_duration_bars": 61.415841584158414,
      "average_win": 9.411910501478678,
      "average_loss": -4.7814641792388075,
      "payoff_ratio": 1.9684159806833523,
      "profit_factor": 0.9988976618393131,
      "trades_closed_by_tp_pct": 0.33663366336633666,
      "trades_closed_by_sl_pct": 0.6633663366336634,
      "train_total_trades": 5112.0,
      "accepted": false,
      "acceptance_reason": "total_profit=-20.7973 <= 2.0000; |drawdown|=0.4242 > 0.0800; profit_per_trade=-0.102957 <= 0.000100"
    },
    {
      "seed": 2004,
      "pain_decay_factor": 0.0,
      "model_path": "models\\ppo_btc_h1_s2004.zip",
      "total_profit": -88.86811960014978,
      "max_drawdown": -0.5096711741113897,
      "num_trades": 217.0,
      "blocked_trades": 129.0,
      "blocked_trade_rate": 0.37283236994219654,
      "win_rate": 0.2995391705069124,
      "profit_per_trade": -0.40953050506981464,
      "final_equity": 161.13188039985022,
      "exit_by_take_profit": 65.0,
      "exit_by_stop_loss": 152.0,
      "exit_by_agent_close": 0.0,
      "exit_by_margin_call": 0.0,
      "attempted_reversals": 1428.0,
      "prevented_same_candle_reversals": 1428.0,
      "average_trade_duration_bars": 57.14746543778802,
      "average_win": 7.477735070256154,
      "average_loss": -3.6707587593615143,
      "payoff_ratio": 2.0371088269382263,
      "profit_factor": 0.8711320641512152,
      "trades_closed_by_tp_pct": 0.2995391705069124,
      "trades_closed_by_sl_pct": 0.7004608294930875,
      "train_total_trades": 5042.0,
      "accepted": false,
      "acceptance_reason": "total_profit=-88.8681 <= 2.0000; |drawdown|=0.5097 > 0.0800; profit_per_trade=-0.409531 <= 0.000100"
    }
  ]
}