{
  "total_profit": -193.42305627989987,
  "max_drawdown": -0.7736922251195963,
  "num_trades": 653.0,
  "agent_orders": 653.0,
  "blocked_trades": 460.0,
  "blocked_by_cooldown": 460.0,
  "blocked_by_min_notional": 0.0,
  "blocked_by_volume_min": 0.0,
  "blocked_by_invalid_stop_distance": 0.0,
  "blocked_trade_rate": 0.4132973944294699,
  "attempted_reversals": 1226.0,
  "prevented_same_candle_reversals": 1226.0,
  "exit_by_take_profit": 244.0,
  "exit_by_stop_loss": 409.0,
  "exit_by_agent_close": 0.0,
  "exit_by_margin_call": 0.0,
  "exit_by_episode_end": 0.0,
  "average_trade_duration_bars": 17.02450229709035,
  "average_win": 3.493599305748771,
  "average_loss": -2.4188190724031786,
  "payoff_ratio": 1.4443408957734742,
  "profit_factor": 0.8616605832976226,
  "trades_closed_by_tp_pct": 0.37366003062787134,
  "trades_closed_by_sl_pct": 0.6263399693721287,
  "win_rate": 0.37366003062787134,
  "profit_per_trade": -0.2962068243183765,
  "final_equity": 56.57694372010015,
  "decision_mode": "single",
  "backtest_elapsed_seconds": 5.866845607757568,
  "train_episodes": 20.0,
  "train_total_trades": 14472.0,
  "train_avg_trades_per_episode": 723.6,
  "accepted": false,
  "acceptance_reason": "total_profit=-193.4231 <= 2.0000; |drawdown|=0.7737 > 0.0800; profit_per_trade=-0.296207 <= 0.000100"
}