{
  "total_profit": -130.64537445415,
  "max_drawdown": -0.5292594387565979,
  "num_trades": 633.0,
  "agent_orders": 633.0,
  "blocked_trades": 444.0,
  "blocked_by_cooldown": 444.0,
  "blocked_by_min_notional": 0.0,
  "blocked_by_volume_min": 0.0,
  "blocked_by_invalid_stop_distance": 0.0,
  "blocked_trade_rate": 0.41225626740947074,
  "attempted_reversals": 1505.0,
  "prevented_same_candle_reversals": 1505.0,
  "exit_by_take_profit": 242.0,
  "exit_by_stop_loss": 390.0,
  "exit_by_agent_close": 0.0,
  "exit_by_margin_call": 0.0,
  "exit_by_episode_end": 1.0,
  "average_trade_duration_bars": 17.62875197472354,
  "average_win": 6.75491118190638,
  "average_loss": -4.283864833752693,
  "payoff_ratio": 1.5768264042049698,
  "profit_factor": 0.9824841441584812,
  "trades_closed_by_tp_pct": 0.382306477093207,
  "trades_closed_by_sl_pct": 0.6161137440758294,
  "win_rate": 0.38388625592417064,
  "profit_per_trade": -0.20639079692598733,
  "final_equity": 119.35462554585,
  "decision_mode": "single",
  "backtest_elapsed_seconds": 5.3266730308532715,
  "train_episodes": 18.0,
  "train_total_trades": 13711.0,
  "train_avg_trades_per_episode": 761.7222222222222,
  "accepted": false,
  "acceptance_reason": "total_profit=-130.6454 <= 2.0000; |drawdown|=0.5293 > 0.0800; profit_per_trade=-0.206391 <= 0.000100"
}