{
  "total_profit": -137.98129788655027,
  "max_drawdown": -0.6814841162986708,
  "num_trades": 665.0,
  "agent_orders": 665.0,
  "blocked_trades": 484.0,
  "blocked_by_cooldown": 484.0,
  "blocked_by_min_notional": 0.0,
  "blocked_by_volume_min": 0.0,
  "blocked_by_invalid_stop_distance": 0.0,
  "blocked_trade_rate": 0.4212358572671889,
  "attempted_reversals": 2436.0,
  "prevented_same_candle_reversals": 2436.0,
  "exit_by_take_profit": 256.0,
  "exit_by_stop_loss": 409.0,
  "exit_by_agent_close": 0.0,
  "exit_by_margin_call": 0.0,
  "exit_by_episode_end": 0.0,
  "average_trade_duration_bars": 16.885714285714286,
  "average_win": 4.460707686700976,
  "average_loss": -2.9540880992657703,
  "payoff_ratio": 1.5100117318131683,
  "profit_factor": 0.945141817467411,
  "trades_closed_by_tp_pct": 0.3849624060150376,
  "trades_closed_by_sl_pct": 0.6150375939849624,
  "win_rate": 0.3849624060150376,
  "profit_per_trade": -0.20749067351360942,
  "final_equity": 112.01870211344973,
  "decision_mode": "single",
  "backtest_elapsed_seconds": 5.115553140640259,
  "train_episodes": 20.0,
  "train_total_trades": 14268.0,
  "train_avg_trades_per_episode": 713.4,
  "accepted": false,
  "acceptance_reason": "total_profit=-137.9813 <= 2.0000; |drawdown|=0.6815 > 0.0800; profit_per_trade=-0.207491 <= 0.000100"
}