{
  "summary": {
    "num_runs": 3,
    "accepted_runs": 0,
    "pass_rate": 0.0,
    "strategy_accepted": false
  },
  "runs": [
    {
      "seed": 123,
      "pain_decay_factor": 0.0,
      "model_path": "models\\ppo_btc_m5_s123.zip",
      "total_profit": -137.98129788655027,
      "max_drawdown": -0.6814841162986708,
      "num_trades": 665.0,
      "blocked_trades": 484.0,
      "blocked_trade_rate": 0.4212358572671889,
      "win_rate": 0.3849624060150376,
      "profit_per_trade": -0.20749067351360942,
      "final_equity": 112.01870211344973,
      "exit_by_take_profit": 256.0,
      "exit_by_stop_loss": 409.0,
      "exit_by_agent_close": 0.0,
      "exit_by_margin_call": 0.0,
      "attempted_reversals": 2436.0,
      "prevented_same_candle_reversals": 2436.0,
      "average_trade_duration_bars": 16.885714285714286,
      "average_win": 4.460707686700976,
      "average_loss": -2.9540880992657703,
      "payoff_ratio": 1.5100117318131683,
      "profit_factor": 0.945141817467411,
      "trades_closed_by_tp_pct": 0.3849624060150376,
      "trades_closed_by_sl_pct": 0.6150375939849624,
      "train_total_trades": 14268.0,
      "accepted": false,
      "acceptance_reason": "total_profit=-137.9813 <= 2.0000; |drawdown|=0.6815 > 0.0800; profit_per_trade=-0.207491 <= 0.000100"
    },
    {
      "seed": 999,
      "pain_decay_factor": 0.0,
      "model_path": "models\\ppo_btc_m5_s999.zip",
      "total_profit": -193.42305627989987,
      "max_drawdown": -0.7736922251195963,
      "num_trades": 653.0,
      "blocked_trades": 460.0,
      "blocked_trade_rate": 0.4132973944294699,
      "win_rate": 0.37366003062787134,
      "profit_per_trade": -0.2962068243183765,
      "final_equity": 56.57694372010015,
      "exit_by_take_profit": 244.0,
      "exit_by_stop_loss": 409.0,
      "exit_by_agent_close": 0.0,
      "exit_by_margin_call": 0.0,
      "attempted_reversals": 1226.0,
      "prevented_same_candle_reversals": 1226.0,
      "average_trade_duration_bars": 17.02450229709035,
      "average_win": 3.493599305748771,
      "average_loss": -2.4188190724031786,
      "payoff_ratio": 1.4443408957734742,
      "profit_factor": 0.8616605832976226,
      "trades_closed_by_tp_pct": 0.37366003062787134,
      "trades_closed_by_sl_pct": 0.6263399693721287,
      "train_total_trades": 14472.0,
      "accepted": false,
      "acceptance_reason": "total_profit=-193.4231 <= 2.0000; |drawdown|=0.7737 > 0.0800; profit_per_trade=-0.296207 <= 0.000100"
    },
    {
      "seed": 2004,
      "pain_decay_factor": 0.0,
      "model_path": "models\\ppo_btc_m5_s2004.zip",
      "total_profit": -130.64537445415,
      "max_drawdown": -0.5292594387565979,
      "num_trades": 633.0,
      "blocked_trades": 444.0,
      "blocked_trade_rate": 0.41225626740947074,
      "win_rate": 0.38388625592417064,
      "profit_per_trade": -0.20639079692598733,
      "final_equity": 119.35462554585,
      "exit_by_take_profit": 242.0,
      "exit_by_stop_loss": 390.0,
      "exit_by_agent_close": 0.0,
      "exit_by_margin_call": 0.0,
      "attempted_reversals": 1505.0,
      "prevented_same_candle_reversals": 1505.0,
      "average_trade_duration_bars": 17.62875197472354,
      "average_win": 6.75491118190638,
      "average_loss": -4.283864833752693,
      "payoff_ratio": 1.5768264042049698,
      "profit_factor": 0.9824841441584812,
      "trades_closed_by_tp_pct": 0.382306477093207,
      "trades_closed_by_sl_pct": 0.6161137440758294,
      "train_total_trades": 13711.0,
      "accepted": false,
      "acceptance_reason": "total_profit=-130.6454 <= 2.0000; |drawdown|=0.5293 > 0.0800; profit_per_trade=-0.206391 <= 0.000100"
    }
  ]
}